[
    [
        {
            "name": "餐饮",
            "icon": "./images/canyin.png",
            "arr": [
                {
                    "name": "一日三餐",
                    "icon": "./images/yirisancan.png"
                },
                {
                    "name": "零食饮料",
                    "icon": "./images/yinliao.png"
                },
                {
                    "name": "外卖点餐",
                    "icon": "./images/waimai.png"
                },
                {
                    "name": "聚餐宴请",
                    "icon": "./images/jucanyanqing.png"
                },
                {
                    "name": "食材购物",
                    "icon": "./images/Union.png"
                },
                {
                    "name": "水果生鲜",
                    "icon": "./images/shuiguo.png"
                },
                {
                    "name": "甜品糕点",
                    "icon": "./images/tianpin.png"
                },
                {
                    "name": "酒水茶饮",
                    "icon": "./images/jiushui.png"
                },
                {
                    "name": "其他餐饮",
                    "icon": "./images/qitacanyin.png"
                }
            ]
        },
        {
            "name": "消费",
            "icon": "./images/gouwu.png",
            "arr": [
                {
                    "name": "服饰鞋包",
                    "icon": "./images/fushi.png"
                },
                {
                    "name": "美妆护肤",
                    "icon": "./images/meizhuanghufu.png"
                },
                {
                    "name": "数码家电",
                    "icon": "./images/shumajiadian.png"
                },
                {
                    "name": "日用品",
                    "icon": "./images/riyongpin.png"
                },
                {
                    "name": "母婴用品",
                    "icon": "./images/muying.png"
                },
                {
                    "name": "图书文具",
                    "icon": "./images/tushu.png"
                },
                {
                    "name": "宠物用品",
                    "icon": "./images/chongwuyongpin.png"
                },
                {
                    "name": "饰品配件",
                    "icon": "./images/shipin.png"
                },
                {
                    "name": "其他消费",
                    "icon": "./images/qitaxiaofei.png"
                }
            ]
        },
        {
            "name": "出行",
            "icon": "./images/gouche.png",
            "arr": [
                {
                    "name": "公共交通",
                    "icon": "./images/ggjt.png"
                },
                {
                    "name": "打车费用",
                    "icon": "./images/dache.png"
                },
                {
                    "name": "自驾开销",
                    "icon": "./images/zijiakaixiao.png"
                },
                {
                    "name": "火车高铁",
                    "icon": "./images/huochegaotie.png"
                },
                {
                    "name": "飞机出行",
                    "icon": "./images/feiji.png"
                },
                {
                    "name": "共享单车",
                    "icon": "./images/gxdc.png"
                },
                {
                    "name": "长途汽车",
                    "icon": "./images/ctqc.png"
                },
                {
                    "name": "交通罚款",
                    "icon": "./images/jiatongfakuan.png"
                },
                {
                    "name": "其他出行",
                    "icon": "./images/qitachuxing.png"
                }
            ]
        },
        {
            "name": "娱乐",
            "icon": "./images/yule.png",
            "arr": [
                {
                    "name": "影视观影",
                    "icon": "./images/guanying.png"
                },
                {
                    "name": "游戏消费",
                    "icon": "./images/youxi.png"
                },
                {
                    "name": "休闲娱乐",
                    "icon": "./images/xiuxianyule.png"
                },
                {
                    "name": "旅游度假",
                    "icon": "./images/lvyoudujia.png"
                },
                {
                    "name": "运动健身",
                    "icon": "./images/yundongjianshen.png"
                },
                {
                    "name": "演出赛事",
                    "icon": "./images/yanchusaishi.png"
                },
                {
                    "name": "桌游卡牌",
                    "icon": "./images/zuoyou.png"
                },
                {
                    "name": "兴趣爱好",
                    "icon": "./images/xingquaihao.png"
                },
                {
                    "name": "其他娱乐",
                    "icon": "./images/qitayule.png"
                }
            ]
        },
        {
            "name": "居家",
            "icon": "./images/jujia.png",
            "arr": [
                {
                    "name": "房租支出",
                    "icon": "./images/fangzu.png"
                },
                {
                    "name": "水电燃气",
                    "icon": "./images/sdrq.png"
                },
                {
                    "name": "物业费",
                    "icon": "./images/wuyefei.png"
                },
                {
                    "name": "家具家电",
                    "icon": "./images/jiaju.png"
                },
                {
                    "name": "房屋维修",
                    "icon": "./images/fangwuweixiu.png"
                },
                {
                    "name": "家居装饰",
                    "icon": "./images/jiajuzhuangshi.png"
                },
                {
                    "name": "网络通讯",
                    "icon": "./images/wangluo.png"
                },
                {
                    "name": "快递物流",
                    "icon": "./images/kuaidi.png"
                },
                {
                    "name": "其他居家",
                    "icon": "./images/qitajujia.png"
                }
            ]
        },
        {
            "name": "人情",
            "icon": "./images/renqing.png",
            "arr": [
                {
                    "name": "红包礼金",
                    "icon": "./images/hongbaolijin.png"
                },
                {
                    "name": "礼物赠送",
                    "icon": "./images/liwu.png"
                },
                {
                    "name": "人情宴请",
                    "icon": "./images/yanqing.png"
                },
                {
                    "name": "互助借款",
                    "icon": "./images/huzhujiekuan.png"
                },
                {
                    "name": "慈善捐款",
                    "icon": "./images/cishanjunkuan.png"
                },
                {
                    "name": "亲友资助",
                    "icon": "./images/qinyouzizhu.png"
                },
                {
                    "name": "同学聚会",
                    "icon": "./images/tongxuejuhui.png"
                },
                {
                    "name": "邻里往来",
                    "icon": "./images/linliwanglai.png"
                },
                {
                    "name": "其他人情",
                    "icon": "./images/qitarenqing.png"
                }
            ]
        },
        {
            "name": "健康",
            "icon": "./images/Frame.png",
            "arr": [
                {
                    "name": "医院就诊",
                    "icon": "./images/yiyuanjiuzhen.png"
                },
                {
                    "name": "药品购买",
                    "icon": "./images/yaopin.png"
                },
                {
                    "name": "体检费用",
                    "icon": "./images/tijian.png"
                },
                {
                    "name": "牙科护理",
                    "icon": "./images/yake.png"
                },
                {
                    "name": "养生保健",
                    "icon": "./images/yangsheng.png"
                },
                {
                    "name": "眼镜护理",
                    "icon": "./images/yanjinghuli.png"
                },
                {
                    "name": "医疗器材",
                    "icon": "./images/yiliaoqixie.png"
                },
                {
                    "name": "疫苗接种",
                    "icon": "./images/yimiao.png"
                },
                {
                    "name": "其他健康",
                    "icon": "./images/qitajiankang.png"
                }
            ]
        },
        {
            "name": "特殊",
            "icon": "./images/teshu.png",
            "arr": [
                {
                    "name": "学习培训",
                    "icon": "./images/xuexipeixun.png"
                },
                {
                    "name": "工作开销",
                    "icon": "./images/gongzuokaixiao.png"
                },
                {
                    "name": "税费支出",
                    "icon": "./images/shuifei.png"
                },
                {
                    "name": "投资亏损",
                    "icon": "./images/touzikuisun.png"
                },
                {
                    "name": "意外支出",
                    "icon": "./images/yiwaisunshi.png"
                },
                {
                    "name": "借贷还款",
                    "icon": "./images/jiedai.png"
                },
                {
                    "name": "会员订阅",
                    "icon": "./images/huiyuan.png"
                },
                {
                    "name": "不明支出",
                    "icon": "./images/zhichu.png"
                },
                {
                    "name": "其他特殊",
                    "icon": "./images/qitateshu.png"
                }
            ]
        },
        {
            "name": "其他",
            "icon": "./images/qita.png"
        }
    ],
    [
        {
            "name": "工资",
            "icon": "./images/gongzi.png"
        },
        {
            "name": "兼职",
            "icon": "./images/jianzhi.png"
        },
        {
            "name": "投资",
            "icon": "./images/touzi.png"
        },
        {
            "name": "租金",
            "icon": "./images/zujin.png"
        },
        {
            "name": "出售",
            "icon": "./images/chushou.png"
        },
        {
            "name": "服务",
            "icon": "./images/fuwu.png"
        },
        {
            "name": "奖金",
            "icon": "./images/jiangjin.png"
        },
        {
            "name": "补贴",
            "icon": "./images/butie.png"
        },
        {
            "name": "捐赠",
            "icon": "./images/juanzeng.png"
        },
        {
            "name": "理赔",
            "icon": "./images/lipei.png"
        },
        {
            "name": "利息",
            "icon": "./images/lixi.png"
        },
        {
            "name": "分红",
            "icon": "./images/fenhong.png"
        },
        {
            "name": "退款",
            "icon": "./images/tuikuan.png"
        },
        {
            "name": "稿费",
            "icon": "./images/gaofei.png"
        },
        {
            "name": "版税",
            "icon": "./images/banshui.png"
        },
        {
            "name": "转账",
            "icon": "./images/zhuanzhang.png"
        },
        {
            "name": "礼金",
            "icon": "./images/lijin.png"
        },
        {
            "name": "中奖",
            "icon": "./images/zhongjiang.png"
        },
        {
            "name": "设计",
            "icon": "./images/sheji.png"
        },
        {
            "name": "家教",
            "icon": "./images/jiajiao.png"
        },
        {
            "name": "其他",
            "icon": "./images/qita.png"
        }
    ]
]